{
    "event.new_mission": {
        "replace":false,
        "sounds": [
            {
                "name":"abyss:101576__sandyrb__cd-stand-of-doom-026",
                "volume": 1.2,
                "pitch": 0.7,
                "stream": false
            }
        ]
    },
     "event.heart_beat": {
        "replace":true,
        "sounds": [
            {
                "name":"abyss:heartbeat-89bpm-34936",
                "volume": 1.0,
                "pitch": 1.0,
                "stream": false
            }
        ]
    },
    "event.sword": {
        "replace":true,
        "sounds": [
            {
                "name":"abyss:szwingchime-38716",
                "volume": 1.0,
                "pitch": 0.88,
                "stream": false
            }
        ]
    },
    "event.rush_ready": {
        "replace":true,
        "sounds": [
            {
                "name":"abyss:rush_finished_cooldown",
                "volume": 1.08,
                "pitch": 0.96,
                "stream": false
            }
        ]
    },
    "event.boss_start": {
        "replace":false,
        "sounds": [
            {
                "name":"abyss:gong-sound",
                "volume": 1.0,
                "pitch": 1.0,
                "stream": false
            }
        ]
    },
    "effect.time.13s": {
        "replace":false,
        "sounds": [
            {
                "name":"abyss:time_13s",
                "volume": 1.0,
                "pitch": 1.0,
                "stream": false
            }
        ]
    },
    "effect.time.12s": {
        "replace":false,
        "sounds": [
            {
                "name":"abyss:time_12s",
                "volume": 1.0,
                "pitch": 1.0,
                "stream": false
            }
        ]
    },
    "effect.time.11s": {
        "replace":false,
        "sounds": [
            {
                "name":"abyss:time_11s",
                "volume": 1.0,
                "pitch": 1.0,
                "stream": false
            }
        ]
    },
    "effect.time.10s": {
        "replace":false,
        "sounds": [
            {
                "name":"abyss:time_10s",
                "volume": 1.0,
                "pitch": 1.0,
                "stream": false
            }
        ]
    },
    "effect.time.9s": {
        "replace":false,
        "sounds": [
            {
                "name":"abyss:time_9s",
                "volume": 1.0,
                "pitch": 1.0,
                "stream": false
            }
        ]
    },
    "effect.time.8s": {
        "replace":false,
        "sounds": [
            {
                "name":"abyss:time_8s",
                "volume": 1.0,
                "pitch": 1.0,
                "stream": false
            }
        ]
    },
    "effect.time.7s": {
        "replace":false,
        "sounds": [
            {
                "name":"abyss:time_7s",
                "volume": 1.0,
                "pitch": 1.0,
                "stream": false
            }
        ]
    },
    "effect.time.6s": {
        "replace":false,
        "sounds": [
            {
                "name":"abyss:time_6s",
                "volume": 1.0,
                "pitch": 1.0,
                "stream": false
            }
        ]
    },
    "effect.time.5s": {
        "replace":false,
        "sounds": [
            {
                "name":"abyss:time_5s",
                "volume": 1.0,
                "pitch": 1.0,
                "stream": false
            }
        ]
    },
    "effect.time.4s": {
        "replace":false,
        "sounds": [
            {
                "name":"abyss:time_4s",
                "volume": 1.0,
                "pitch": 1.0,
                "stream": false
            }
        ]
    },
    "effect.time.3s": {
        "replace":false,
        "sounds": [
            {
                "name":"abyss:time_3s",
                "volume": 1.0,
                "pitch": 1.0,
                "stream": false
            }
        ]
    },
    "effect.time.2s": {
        "replace":false,
        "sounds": [
            {
                "name":"abyss:time_2s",
                "volume": 1.0,
                "pitch": 1.0,
                "stream": false
            }
        ]
    },
    "effect.time.1s": {
        "replace":false,
        "sounds": [
            {
                "name":"abyss:time_1s",
                "volume": 1.0,
                "pitch": 1.0,
                "stream": false
            }
        ]
    },
    "game.hint": {
        "replace":false,
        "sounds": [
            {
                "name":"abyss:mixkit-unlock-new-item-game-notification-254",
                "volume": 1.2,
                "pitch": 1.0,
                "stream": false
            }
        ]
    },
    "spell.wave": {
        "replace":false,
        "sounds": [
            {
                "name":"abyss:mixkit-spellcaster-fairy-swoosh-1463",
                "volume": 0.60,
                "pitch": 1.0,
                "stream": false
            }
        ]
    },
    "spell.wave.hit": {
        "replace":false,
        "sounds": [
            {
                "name":"abyss:mixkit-heal-soft-water-spell-878",
                "volume": 1,
                "pitch": 1.0,
                "stream": false
            }
        ]
    },
    "spell.magic_arrow": {
        "replace":false,
        "sounds": [
            {
                "name":"abyss:mixkit-fast-magic-game-spell-883",
                "volume": 1,
                "pitch": 1.0,
                "stream": false
            }
        ]
    },
    "generic.tp": {
        "replace":false,
        "sounds": [
            {
                "name":"abyss:mixkit-fairy-water-spell-863",
                "volume": 1,
                "pitch": 1.0,
                "stream": false
            }
        ]
    },
    "music.rest": {
        "replace":false,
        "sounds": [
            {
                "name":"abyss:tense-sad-piano-111679",
                "volume": 0.91,
                "pitch": 1.0,
                "stream": true
            }
        ]
    },
    "music.chase1": {
        "replace":false,
        "sounds": [
            {
                "name":"abyss:dark-side-trailer-music-114187",
                "volume": 1.2,
                "pitch": 1.0,
                "stream": true
            }
        ]
    },
    "music.chase2": {
        "replace":false,
        "sounds": [
            {
                "name":"abyss:chasing-victory-main-9448",
                "volume": 1.1,
                "pitch": 1.0,
                "stream": true
            }
        ]
    },
    "music.battle": {
        "replace":false,
        "sounds": [
            {
                "name":"abyss:chase-trailer-clapping-wild-aggressive-determine-music-21032",
                "volume": 1.2,
                "pitch": 1.0,
                "stream": true
            }
        ]
    },
    "music.boss": {
        "replace":false,
        "sounds": [
            {
                "name":"abyss:action-epic-cinematic-victory-7195",
                "volume": 1.2,
                "pitch": 1.0,
                "stream": true
            }
        ]
    },
    "music.holy": {
        "replace":false,
        "sounds": [
            {
                "name":"abyss:chorus-and-piano-9175",
                "volume": 1.2,
                "pitch": 1.0,
                "stream": true
            }
        ]
    },"music.angel": {
        "replace":false,
        "sounds": [
            {
                "name":"abyss:imperium-romanum-epic-movie-soundtrack-1915",
                "volume": 1.0,
                "pitch": 1.0,
                "stream": true
            }
        ]
    },
    "scene.revive": {
        "replace":false,
        "sounds": [
            {
                "name":"abyss:church-bell-5993",
                "volume": 0.8,
                "pitch": 1.0,
                "stream": true
            }
        ]
    },
    "scene.revive.r": {
        "replace":false,
        "sounds": [
            {
                "name":"abyss:chimes-7035",
                "volume": 0.8,
                "pitch": 1.0
            }
        ]
    },
    "music.ending": {
        "replace":false,
        "sounds": [
            {
                "name":"abyss:for-when-it-rains-112785",
                "volume": 1.0,
                "pitch": 1.0
            }
        ]
    },
    "music.winning": {
        "replace":false,
        "sounds": [
            {
                "name":"abyss:winning-elevation-111355",
                "volume": 1.0,
                "pitch": 1.0
            }
        ]
    },
    "music.test": {
        "replace":false,
        "sounds": [
            {
                "name":"abyss:inspiring-emotional-uplifting-piano-112623-cutted",
                "volume": 1.0,
                "pitch": 1.0
            }
        ]
    },
    "voice.boss.2_c1-1": {
        "replace":false,
        "sounds": [
            {
                "name":"abyss:boss_2_c1-1",
                "volume": 0.9,
                "pitch": 1.0
            }
        ]
    },
    "voice.boss.2_c1-2": {
        "replace":false,
        "sounds": [
            {
                "name":"abyss:boss_2_c1-2",
                "volume": 0.9,
                "pitch": 1.0
            }
        ]
    },
    "voice.boss.2_c3": {
        "replace":false,
        "sounds": [
            {
                "name":"abyss:boss_2_c3",
                "volume": 0.9,
                "pitch": 1.0
            }
        ]
    },
    "voice.boss.c1-1": {
        "replace":false,
        "sounds": [
            {
                "name":"abyss:boss_c1-1",
                "volume": 0.9,
                "pitch": 1.0
            }
        ]
    },
    "voice.boss.c1-2": {
        "replace":false,
        "sounds": [
            {
                "name":"abyss:boss_c1-2",
                "volume": 0.9,
                "pitch": 1.0
            }
        ]
    },
    "voice.boss.c1-3": {
        "replace":false,
        "sounds": [
            {
                "name":"abyss:boss_c1-3",
                "volume": 0.9,
                "pitch": 1.0
            }
        ]
    },
    "voice.boss.c1-4": {
        "replace":false,
        "sounds": [
            {
                "name":"abyss:boss_c1-4",
                "volume": 0.9,
                "pitch": 1.0
            }
        ]
    },
    "voice.boss.c1-5": {
        "replace":false,
        "sounds": [
            {
                "name":"abyss:boss_c1-5",
                "volume": 0.9,
                "pitch": 1.0
            }
        ]
    },
    "voice.boss.c1-6": {
        "replace":false,
        "sounds": [
            {
                "name":"abyss:boss_c1-6",
                "volume": 0.9,
                "pitch": 1.0
            }
        ]
    },
    "voice.boss.c2-1": {
        "replace":false,
        "sounds": [
            {
                "name":"abyss:boss_c2-1",
                "volume": 0.9,
                "pitch": 1.0
            }
        ]
    },
    "voice.boss.c2-2": {
        "replace":false,
        "sounds": [
            {
                "name":"abyss:boss_c2-2",
                "volume": 0.9,
                "pitch": 1.0
            }
        ]
    },
    "voice.boss.c3-0": {
        "replace":false,
        "sounds": [
            {
                "name":"abyss:boss_c3-0",
                "volume": 0.9,
                "pitch": 1.0
            }
        ]
    },
    "voice.boss.c3-1": {
        "replace":false,
        "sounds": [
            {
                "name":"abyss:boss_c3-1-1",
                "volume": 0.9,
                "pitch": 1.0
            },
            {
                "name":"abyss:boss_c3-1-2",
                "volume": 0.9,
                "pitch": 1.0
            }
        ]
    },
    "voice.boss.c3-2": {
        "replace":false,
        "sounds": [
            {
                "name":"abyss:boss_c3-2",
                "volume": 1.11,
                "pitch": 1.0
            }
        ]
    },
    "voice.boss.c4-1": {
        "replace":false,
        "sounds": [
            {
                "name":"abyss:boss_c4-1",
                "volume": 0.9,
                "pitch": 1.0
            }
        ]
    },
    "voice.boss.c4-2": {
        "replace":false,
        "sounds": [
            {
                "name":"abyss:boss_c4-2",
                "volume": 0.9,
                "pitch": 1.0
            }
        ]
    },
    "voice.boss.c4-3": {
        "replace":false,
        "sounds": [
            {
                "name":"abyss:boss_c4-3",
                "volume": 0.9,
                "pitch": 1.0
            }
        ]
    },
    "voice.boss.pre-1": {
        "replace":false,
        "sounds": [
            {
                "name":"abyss:boss_pre-1",
                "volume": 0.9,
                "pitch": 1.0
            }
        ]
    },
    "voice.boss.c4-4": {
        "replace":false,
        "sounds": [
            {
                "name":"abyss:boss_c4-4",
                "volume": 0.9,
                "pitch": 1.0
            }
        ]
    },
    "voice.boss.pre-2": {
        "replace":false,
        "sounds": [
            {
                "name":"abyss:boss_pre-2",
                "volume": 0.9,
                "pitch": 1.0
            }
        ]
    },
    "voice.boss.pre-3": {
        "replace":false,
        "sounds": [
            {
                "name":"abyss:boss_pre-3",
                "volume": 0.9,
                "pitch": 1.0
            }
        ]
    },
    "voice.boss.arrow": {
        "replace":false,
        "sounds": [
            {
                "name":"abyss:boss.arrow",
                "volume": 0.9,
                "pitch": 1.0
            },
            {
                "name":"abyss:boss.arrow.2",
                "volume": 0.9,
                "pitch": 1.0
            }
        ]
    },
    "voice.boss.dark_wind": {
        "replace":false,
        "sounds": [
            {
                "name":"abyss:boss.dark_wind",
                "volume": 0.9,
                "pitch": 1.0
            }
        ]
    },
    "voice.boss.fire_spinner": {
        "replace":false,
        "sounds": [
            {
                "name":"abyss:boss.fire_spinner",
                "volume": 0.9,
                "pitch": 1.0
            }
        ]
    },
    "voice.boss.mid_strike": {
        "replace":false,
        "sounds": [
            {
                "name":"abyss:boss.mid_strike",
                "volume": 0.9,
                "pitch": 1.0
            }
        ]
    },
    "voice.boss.laugh": {
        "replace":false,
        "sounds": [
            {
                "name":"abyss:boss.laugh",
                "volume": 0.9,
                "pitch": 1.0
            },
            {
                "name":"abyss:boss.laugh.2",
                "volume": 0.9,
                "pitch": 1.0
            }
        ]
    },
    "voice.boss.roll": {
        "replace":false,
        "sounds": [
            {
                "name":"abyss:boss.roll",
                "volume": 0.9,
                "pitch": 1.0
            }
        ]
    },
    "voice.boss.side_tnt": {
        "replace":false,
        "sounds": [
            {
                "name":"abyss:boss.side_tnt",
                "volume": 0.9,
                "pitch": 1.0
            }
        ]
    },
    "voice.boss.summon": {
        "replace":false,
        "sounds": [
            {
                "name":"abyss:boss.summon",
                "volume": 0.9,
                "pitch": 1.0
            },
            {
                "name":"abyss:boss.summon.2",
                "volume": 0.9,
                "pitch": 1.0
            },
            {
                "name":"abyss:boss.summon.3",
                "volume": 0.9,
                "pitch": 1.0
            },
            {
                "name":"abyss:boss.summon.4",
                "volume": 0.9,
                "pitch": 1.0
            }
        ]
    },
    "voice.boss.tnt_zombie": {
        "replace":false,
        "sounds": [
            {
                "name":"abyss:boss.tnt_zombie",
                "volume": 0.9,
                "pitch": 1.0
            },
            {
                "name":"abyss:boss.tnt_zombie.2",
                "volume": 0.9,
                "pitch": 1.0
            }
        ]
    },
    "voice.boss.final.1": {
        "replace":false,
        "sounds": [
            {
                "name":"abyss:boss.final.1",
                "volume": 0.9,
                "pitch": 1.0
            }
        ]
    },
    "voice.boss.final.2": {
        "replace":false,
        "sounds": [
            {
                "name":"abyss:boss.final.2",
                "volume": 0.9,
                "pitch": 1.0
            }
        ]
    }
}
