{
  "ambient.soul_sand_valley.mood": {
    "replace":true,
    "sounds": [
      {
        "name": "ambient/nether/soulsand_valley/mood3",
        "volume": 2.0
      }
    ]
  },
  "entity.iron_golem.attack": {
    "replace":true,
    "sounds": [
      "mob/irongolem/throw"
    ],
    "subtitle": ""
  },
  "entity.iron_golem.damage": {
    "replace":true,
    "sounds": [
      {
        "name": "mob/irongolem/damage1",
        "volume": 0.8,
        "pitch": 0.5
      },
      {
        "name": "mob/irongolem/damage2",
        "volume": 0.8,
        "pitch": 0.5
      },
      {
        "name": "mob/irongolem/damage1",
        "volume": 0.8,
        "pitch": 0.5
      },
      {
        "name": "mob/irongolem/damage2",
        "volume": 0.8,
        "pitch": 0.5
      }
    ],
    "subtitle": ""
  },
  "entity.iron_golem.death": {
    "replace":true,
    "sounds": [
      "mob/irongolem/death"
    ],
    "subtitle": ""
  },
  "entity.iron_golem.hurt": {
    "replace":true,
    "sounds": [
      {
        "name": "mob/irongolem/hit1",
        "volume": 1.2,
        "pitch": 0.5
      },
      {
        "name": "mob/irongolem/hit2",
        "volume": 1.2,
        "pitch": 0.5
      },
      {
        "name": "mob/irongolem/hit3",
        "volume": 1.2,
        "pitch": 0.5
      },
      {
        "name": "mob/irongolem/hit4",
        "volume": 1.2,
        "pitch": 0.45
      }
    ],
    "subtitle": ""
  },
  "entity.iron_golem.step": {
    "replace":true,
    "sounds": [
      {
        "name": "mob/irongolem/walk1",
        "volume": 2.3,
        "pitch": 0.6
      },
      {
        "name": "mob/irongolem/walk2",
        "volume": 2.3,
        "pitch": 0.6
      },
      {
        "name": "mob/irongolem/walk3",
        "volume": 2.3,
        "pitch": 0.6
      },
      {
        "name": "mob/irongolem/walk4",
        "volume": 2.3,
        "pitch": 0.6
      }
    ],
    "subtitle": ""
  },
  "entity.player.levelup": {
    "sounds": [],
    "subtitle": "",
    "replace":true
  }
}